Category(Spanish);Category(English)
Música y baile;Music and dance
Videojuegos, Humor;Video games, Humor
Educación;Education
Animación, Juguetes;Animation, Toys
Películas, Videojuegos;Movies, Video games
Juguetes;Toys
Videojuegos;Video games
Películas, Animación;Movies, Animation
Películas;Movies
Noticias y Política;News and Politics
Animación, Humor;Animation, Humor
Música y baile, Animación;Music and dance, Animation
Música y baile, Películas;Music and dance, Movies
Películas, Juguetes;Movies, Toys
Películas, Humor;Movies, Humor
Vlogs diarios;Daily vlogs
Videojuegos, Juguetes;Video games, Toys
Animación, Videojuegos;Animation, Video games
Animación;Animation
Música y baile, Humor;Music and dance, Humor
Diseño/arte, DIY y Life Hacks;Design/art, DIY and Life Hacks
Ciencia y tecnología;Science and technology
Fitness, Salud y autoayuda;Fitness, Health, and self-help
Belleza, Moda;Beauty, Fashion
Humor;Humor
Comida y bebida;Food and drink
Deportes;Sports
Fitness;Fitness
Viajes, Espectáculos;Travel, Entertainment
Comida y bebida, Salud y autoayuda;Food and drink, Health and self-help
Diseño/arte;Design/art
DIY y Life Hacks, Juguetes;DIY and Life Hacks, Toys
Educación, Juguetes;Education, Toys
Juguetes, Coches y vehículos;Toys, Cars and vehicles
Música y baile, Juguetes;Music and dance, Toys
Animales y mascotas;Animals and pets
ASMR;ASMR
Moda;Fashion
DIY y Life Hacks;DIY and Life Hacks
Diseño/arte, Belleza;Design/art, Beauty
Coches y vehículos;Cars and vehicles
Animación, Humor, Juguetes;Animation, Humor, Toys
ASMR, Comida y bebida;ASMR, Food and drink
Comida y bebida, Juguetes;Food and drink, Toys
Juguetes, DIY y Life Hacks;Toys, DIY and Life Hacks,
Unknown;Unknown